{"loss": [18.636608576033524, 33.616201878677714, 38.686744102022864, 43.75358015385227, 54.25292004148165, 44.46257983467895, 34.51938728793807, 37.720524448840344, 43.90994944731394, 42.63540877650181, 40.78305013873909, 39.75214084879083], "mae": [0.9442516045774368, 1.4724288953976197, 2.0182340808890085, 2.268263982689899, 2.933503250281016, 2.6840585494694644, 2.0019706474698107, 2.2202139174351925, 2.6578212626775106, 2.6453281845897436, 2.4720304766787757, 2.5115715087349737], "mean_q": [0.4498605169604886, 0.31336755850775677, 0.33370548698373814, 0.4216604580481847, 0.6036921193202337, 0.30025746950297083, 0.30285620940444263, 0.35254908817224817, 0.433235992093881, 0.6134561509825289, 0.5574521976935712, 0.7360765650794281], "mean_eps": [0.9986905000000001, 0.9976881249999997, 0.9970198749999999, 0.9964900000000001, 0.9960951250000001, 0.9944548750000007, 0.9926661249999995, 0.99214975, 0.9914376250000005, 0.9902833750000005, 0.9891021249999994, 0.9878905000000009], "episode_reward": [27.0, -130.0, -10.0, -50.0, -187.0, 86.0, -99.0, -188.0, -301.0, -171.0, 74.0, -132.0], "nb_episode_steps": [288, 110, 88, 69, 48, 438, 92, 61, 150, 192, 158, 201], "nb_steps": [288, 398, 486, 555, 603, 1041, 1133, 1194, 1344, 1536, 1694, 1895], "episode": [0, 1, 2, 3, 4, 5, 6, 7, 8, 9, 10, 11], "duration": [2.1528854279895313, 0.8578296369960299, 0.7160307190060848, 0.44767183500516694, 0.37139785700128414, 3.1202508120040875, 0.6975036059884587, 0.43251360300928354, 0.9585554679943016, 1.4676494449959137, 1.1901333410060033, 1.478276537003694]}